City_ID,City,Country,Date,Lat,Lng,Max Temp,Humidity,Cloudiness,Wind Speed
0,Ushuaia,AR,2021-04-17 01:06:54,-54.8,-68.3,42.8,75,75,6.91
1,Grindavik,IS,2021-04-17 01:06:54,63.8424,-22.4338,39.2,75,75,26.46
2,Roma,US,2021-04-17 01:03:46,43.2128,-75.4557,42.8,87,90,9.22
3,Tuktoyaktuk,CA,2021-04-17 01:05:51,69.4541,-133.0374,19.4,79,90,4.61
4,Severo-Kurilsk,RU,2021-04-17 01:06:55,50.6789,156.125,35.2,65,42,10.11
5,Mataura,NZ,2021-04-17 01:06:55,-46.1927,168.8643,55.0,65,66,8.01
6,Kapaa,US,2021-04-17 01:06:55,22.0752,-159.319,75.2,69,90,9.22
7,Pietersburg,ZA,2021-04-17 01:06:56,-23.9045,29.4688,53.6,82,96,5.75
8,Saint George,US,2021-04-17 01:06:56,37.1041,-113.5841,61.0,29,75,19.57
9,Leshukonskoye,RU,2021-04-17 01:06:56,64.8989,45.7622,33.57,89,100,7.31
10,Butaritari,KI,2021-04-17 01:06:57,3.0707,172.7902,82.13,74,49,8.97
11,Bethel,US,2021-04-17 01:05:57,41.3712,-73.414,43.0,79,97,9.06
12,Busselton,AU,2021-04-17 01:06:57,-33.65,115.3333,64.0,72,8,1.01
13,Jumla,NP,2021-04-17 01:06:58,29.2747,82.1838,49.89,48,100,5.01
14,Atuona,PF,2021-04-17 01:06:58,-9.8,-139.0333,80.83,74,100,17.34
15,Cape Town,ZA,2021-04-17 01:04:42,-33.9258,18.4232,64.99,77,0,1.14
16,Newport,GB,2021-04-17 01:06:09,51.5877,-2.9984,39.0,79,13,5.28
17,Santiago Del Estero,AR,2021-04-17 01:06:59,-27.7951,-64.2615,78.58,63,100,8.55
18,Albany,US,2021-04-17 01:06:40,42.6001,-73.9662,41.0,79,98,6.96
19,Thompson,CA,2021-04-17 01:04:26,55.7435,-97.8558,48.2,34,20,12.66
20,Leh,IN,2021-04-17 01:03:09,34.1667,77.5833,36.66,62,100,3.83
21,Dogondoutchi,NE,2021-04-17 01:06:59,13.6393,4.0287,85.01,6,5,6.55
22,Krasnozerskoye,RU,2021-04-17 01:07:00,53.9828,79.2374,33.57,86,83,9.75
23,Ende,ID,2021-04-17 01:07:00,-8.8432,121.6623,83.43,66,14,2.01
24,Cidreira,BR,2021-04-17 01:07:00,-30.1811,-50.2056,70.84,78,100,4.12
25,Camacha,PT,2021-04-17 01:07:01,33.0833,-16.3333,62.6,67,75,10.36
26,Yulara,AU,2021-04-17 01:07:01,-25.2406,130.9889,66.2,39,0,14.97
27,Nuuk,GL,2021-04-17 01:07:01,64.1835,-51.7216,12.2,79,75,4.61
28,Port Alfred,ZA,2021-04-17 01:05:34,-33.5906,26.891,61.95,62,2,20.24
29,Airai,TL,2021-04-17 01:07:02,-8.9266,125.4092,70.75,56,24,5.08
30,Dikson,RU,2021-04-17 01:04:33,73.5069,80.5464,-8.41,100,100,3.65
31,Salta,AR,2021-04-17 01:07:02,-24.7859,-65.4117,68.0,83,20,2.3
32,Cullera,ES,2021-04-17 01:07:02,39.1667,-0.25,46.99,88,57,4.63
33,Luanda,AO,2021-04-17 01:03:53,-8.8368,13.2343,78.8,89,75,5.75
34,Bilma,NE,2021-04-17 01:07:03,18.6853,12.9164,84.0,8,1,9.06
35,Cherskiy,RU,2021-04-17 01:07:03,68.75,161.3,21.25,81,92,12.24
36,Torbay,CA,2021-04-17 01:03:22,47.6666,-52.7314,34.0,93,90,17.27
37,Buin,CL,2021-04-17 01:07:04,-33.7333,-70.75,68.0,59,0,6.91
38,Sarkand,KZ,2021-04-17 01:07:04,45.41,79.9186,54.46,61,100,4.83
39,Bereda,ES,2021-04-17 01:07:04,43.2686,-7.5406,33.01,92,80,5.01
40,Sorata,BO,2021-04-17 01:07:05,-15.7667,-68.6333,45.7,90,92,3.69
41,Carnarvon,AU,2021-04-17 01:07:05,-24.8667,113.6333,78.78,37,0,10.83
42,Isangel,VU,2021-04-17 01:07:05,-19.55,169.2667,84.2,79,75,9.22
43,Egvekinot,RU,2021-04-17 01:07:06,66.3167,-179.1667,29.88,98,100,11.77
44,Labuhan,ID,2021-04-17 01:07:06,-6.8844,112.2051,81.36,77,35,3.69
45,San Quintin,MX,2021-04-17 01:07:06,30.4833,-115.95,60.01,68,0,17.65
46,Barrow,US,2021-04-17 01:04:14,71.2906,-156.7887,23.0,80,90,11.5
47,Vestmanna,FO,2021-04-17 01:07:07,62.1564,-7.1664,44.6,100,75,10.36
48,Villa Carlos Paz,AR,2021-04-17 01:07:07,-31.4241,-64.4978,73.0,82,61,5.01
49,Neepawa,CA,2021-04-17 01:07:07,50.2289,-99.4664,48.2,37,20,5.75
50,Itacoatiara,BR,2021-04-17 01:07:08,-3.1431,-58.4442,75.88,95,100,2.98
51,Ilulissat,GL,2021-04-17 01:07:08,69.2167,-51.1,5.0,78,90,13.8
52,Bluff,NZ,2021-04-17 01:07:08,-46.6,168.3333,55.0,65,99,8.01
53,Fulton,US,2021-04-17 01:07:09,33.7668,-84.4499,63.0,39,1,3.22
54,Adet,ET,2021-04-17 01:07:09,11.2644,37.4888,62.15,63,100,7.58
55,Ushtobe,KZ,2021-04-17 01:07:09,45.2514,77.9838,55.4,65,95,10.42
56,Port Elizabeth,ZA,2021-04-17 01:05:44,-33.918,25.5701,60.8,72,0,14.97
57,Kalabo,ZM,2021-04-17 01:07:10,-14.97,22.6814,61.7,60,10,5.88
58,Nikolskoye,RU,2021-04-17 01:06:10,59.7035,30.7861,42.8,39,0,11.18
59,Darnah,LY,2021-04-17 01:07:10,32.767,22.6367,78.22,29,90,28.92
60,Kavieng,PG,2021-04-17 01:07:11,-2.5744,150.7967,80.01,78,100,5.28
61,Mackenzie,CA,2021-04-17 01:07:11,55.2999,-123.1698,64.4,25,1,3.44
62,New Norfolk,AU,2021-04-17 01:07:11,-42.7826,147.0587,63.0,75,100,4.0
63,Vicuna,CL,2021-04-17 01:07:12,-30.0319,-70.7081,59.0,82,90,3.44
64,Cabo San Lucas,MX,2021-04-17 01:04:35,22.8909,-109.9124,78.01,68,40,6.91
65,Arraial Do Cabo,BR,2021-04-17 01:07:12,-22.9661,-42.0278,75.45,75,13,18.59
66,Naryan-Mar,RU,2021-04-17 01:07:12,67.6713,53.087,27.9,94,100,13.98
67,Borehamwood,GB,2021-04-17 01:07:13,51.6547,-0.2776,35.01,75,5,2.3
68,Bundaberg,AU,2021-04-17 01:07:13,-24.85,152.35,82.99,57,40,10.36
69,Viedma,AR,2021-04-17 01:06:17,-40.8135,-62.9967,59.43,62,43,8.57
70,Benghazi,LY,2021-04-17 01:07:13,32.1167,20.0667,78.04,29,85,17.52
71,Salinas,US,2021-04-17 01:05:52,36.6777,-121.6555,57.2,67,1,12.66
72,Petropavlovsk-Kamchatskiy,RU,2021-04-17 01:04:07,53.0452,158.6483,39.2,38,0,13.42
73,Bowen,AU,2021-04-17 01:07:14,-20.0167,148.2333,78.8,69,90,9.22
74,Kaitangata,NZ,2021-04-17 01:07:14,-46.2817,169.8464,55.99,52,58,8.01
75,Muros,ES,2021-04-17 01:06:20,42.7762,-9.0603,48.99,59,93,11.43
76,Sitka,US,2021-04-17 01:07:15,57.0531,-135.33,48.2,81,75,3.44
77,San Ignacio,BZ,2021-04-17 01:07:15,17.1561,-89.0714,89.6,58,40,6.91
78,Hithadhoo,MV,2021-04-17 01:07:15,-0.6,73.0833,81.45,63,51,3.56
79,Lavrentiya,RU,2021-04-17 01:07:16,65.5833,-171.0,33.57,89,100,9.84
80,Cairns,AU,2021-04-17 01:02:18,-16.9167,145.7667,86.0,58,90,13.8
81,Jamestown,US,2021-04-17 01:05:39,42.097,-79.2353,37.99,93,90,8.05
82,Rikitea,PF,2021-04-17 01:07:16,-23.1203,-134.9692,77.38,71,100,10.27
83,Port Augusta,AU,2021-04-17 01:07:17,-32.5,137.7667,64.4,59,40,10.36
84,Yar-Sale,RU,2021-04-17 01:07:17,66.8333,70.8333,2.17,94,69,11.21
85,Kristianstad,SE,2021-04-17 01:07:17,56.0313,14.1524,42.8,52,75,6.91
86,Coahuayana,MX,2021-04-17 01:07:17,18.7333,-103.6833,82.4,44,1,4.16
87,Puerto Ayora,EC,2021-04-17 01:07:18,-0.7393,-90.3518,75.99,97,88,1.99
88,Marsa Matruh,EG,2021-04-17 01:07:18,31.3525,27.2453,69.8,52,0,6.91
89,Dubovyy Umet,RU,2021-04-17 01:07:18,52.9763,50.2857,44.6,81,0,6.71
90,Nizhniy Kuranakh,RU,2021-04-17 01:07:19,58.8353,125.4869,40.01,59,100,13.8
91,Sosnovo-Ozerskoye,RU,2021-04-17 01:07:19,52.5249,111.5418,41.41,31,38,13.13
92,Avarua,CK,2021-04-17 01:07:20,-21.2078,-159.775,82.4,74,75,4.61
93,Fort Walton Beach,US,2021-04-17 01:06:33,30.4058,-86.6188,66.2,77,90,5.64
94,Vila,PT,2021-04-17 01:07:20,42.0304,-8.1588,44.01,79,100,1.99
95,Hobart,AU,2021-04-17 01:07:20,-42.8794,147.3294,63.0,51,75,18.41
96,Mahebourg,MU,2021-04-17 01:07:21,-20.4081,57.7,77.0,88,20,5.75
97,Umm Lajj,SA,2021-04-17 01:07:21,25.0213,37.2685,78.42,56,0,8.21
98,Balkhash,KZ,2021-04-17 01:07:21,46.844,74.9804,48.31,56,46,4.14
99,Olinda,BR,2021-04-17 01:02:58,-8.0089,-34.8553,78.8,73,40,5.75
100,Makakilo City,US,2021-04-17 01:07:22,21.3469,-158.0858,78.8,53,90,10.36
101,Turukhansk,RU,2021-04-17 01:07:22,65.8167,87.9833,-9.09,98,100,4.18
102,Novikovo,RU,2021-04-17 01:07:22,51.1537,37.8879,45.21,89,100,4.36
103,Grand Gaube,MU,2021-04-17 01:07:23,-20.0064,57.6608,80.01,84,54,5.01
104,Dinghai,CN,2021-04-17 01:07:23,26.2847,119.7936,66.2,77,90,4.47
105,Georgetown,MY,2021-04-17 01:07:23,5.4112,100.3354,78.8,89,40,8.05
106,Quelimane,MZ,2021-04-17 01:07:23,-17.8786,36.8883,75.2,83,75,4.61
107,Nogliki,RU,2021-04-17 01:07:24,51.8333,143.1667,36.43,90,35,6.82
108,Omsukchan,RU,2021-04-17 01:07:24,62.5333,155.8,21.52,65,0,7.7
109,Beringovskiy,RU,2021-04-17 01:07:25,63.05,179.3167,33.3,95,100,13.27
110,Dunedin,NZ,2021-04-17 01:07:25,-45.8742,170.5036,57.0,49,61,5.99
111,Ahipara,NZ,2021-04-17 01:07:25,-35.1667,173.1667,65.89,56,1,15.19
112,Indianola,US,2021-04-17 01:07:25,41.3581,-93.5574,48.99,61,100,5.84
113,Lasa,IT,2021-04-17 01:07:26,46.6166,10.7002,33.01,69,0,4.61
114,Khatanga,RU,2021-04-17 01:04:49,71.9667,102.5,10.17,92,100,9.89
115,Nuevitas,CU,2021-04-17 01:07:26,21.5453,-77.2644,80.6,61,20,4.61
116,Nouakchott,MR,2021-04-17 01:07:27,18.0858,-15.9785,71.6,68,0,13.8
117,Hermanus,ZA,2021-04-17 01:07:27,-34.4187,19.2345,57.99,78,0,4.0
118,Goderich,CA,2021-04-17 01:07:27,43.7501,-81.7165,39.2,87,100,9.22
119,Kropotkin,RU,2021-04-17 01:07:28,45.4375,40.5756,50.88,97,100,7.05
120,Tasiilaq,GL,2021-04-17 01:05:12,65.6145,-37.6368,26.6,100,75,35.68
121,Carman,CA,2021-04-17 01:07:28,49.4992,-98.0016,46.4,29,17,9.22
122,Yenotayevka,RU,2021-04-17 01:07:29,47.2456,47.0281,54.25,57,100,8.41
123,Mandalgovi,MN,2021-04-17 01:05:40,45.7625,106.2708,39.54,24,0,11.9
124,Izmalkovo,RU,2021-04-17 01:07:29,52.6887,37.964,45.18,72,80,3.65
125,Ponta Do Sol,PT,2021-04-17 01:07:29,32.6667,-17.1,60.01,72,6,1.01
126,General Pico,AR,2021-04-17 01:07:30,-35.6566,-63.7568,68.32,73,24,8.25
127,Novaya Igirma,RU,2021-04-17 01:07:30,57.1334,103.9112,30.38,77,100,9.42
128,Pisco,PE,2021-04-17 01:06:43,-13.7,-76.2167,68.0,83,0,8.05
129,Castro,BR,2021-04-17 01:07:30,-24.7911,-50.0119,59.36,89,100,3.24
130,Dingle,PH,2021-04-17 01:07:31,10.9995,122.6711,84.22,69,100,10.87
131,Pozo Colorado,PY,2021-04-17 01:07:31,-23.4923,-58.7972,73.81,74,6,5.55
132,Mar Del Plata,AR,2021-04-17 01:07:31,-38.0023,-57.5575,64.0,94,0,2.66
133,Ribeira Grande,PT,2021-04-17 01:04:46,38.5167,-28.7,63.07,96,88,16.55
134,Marawi,PH,2021-04-17 01:07:32,7.9986,124.2928,81.0,84,100,3.6
135,Lebu,CL,2021-04-17 01:07:32,-37.6167,-73.65,53.37,86,89,10.78
136,Saint-Augustin,CA,2021-04-17 01:07:32,51.226,-58.6502,30.74,74,43,10.92
137,Christchurch,NZ,2021-04-17 01:02:56,-43.5333,172.6333,55.99,71,90,16.11
138,Eenhana,NA,2021-04-17 01:07:33,-17.4667,16.3333,64.4,63,19,2.3
139,Vaini,TO,2021-04-17 01:04:36,-21.2,-175.2,80.6,69,20,4.61
140,Punta Arenas,CL,2021-04-17 01:07:33,-53.15,-70.9167,46.4,76,75,10.36
141,Shimoda,JP,2021-04-17 01:07:30,34.6667,138.95,64.4,68,75,9.22
142,Yellowknife,CA,2021-04-17 01:07:34,62.456,-114.3525,46.4,46,40,11.5
143,Port Moresby,PG,2021-04-17 01:07:34,-9.4431,147.1797,87.8,66,40,5.75
144,Hilo,US,2021-04-17 01:07:34,19.7297,-155.09,78.8,53,75,8.05
145,Iqaluit,CA,2021-04-17 01:07:35,63.7506,-68.5145,14.0,73,75,16.11
146,Port Lincoln,AU,2021-04-17 01:07:35,-34.7333,135.8667,63.16,52,7,5.19
147,Katsuura,JP,2021-04-17 01:07:35,35.1333,140.3,62.01,75,100,16.98
148,Vao,NC,2021-04-17 01:07:36,-22.6667,167.4833,74.16,76,56,17.52
149,Lompoc,US,2021-04-17 01:07:36,34.6391,-120.4579,55.4,71,1,14.97
150,Okhotsk,RU,2021-04-17 01:07:37,59.3833,143.3,25.02,87,54,8.12
151,Edremit,TR,2021-04-17 01:07:37,39.5961,27.0244,55.4,76,75,19.57
152,Belaya Gora,RU,2021-04-17 01:07:37,68.5333,146.4167,20.32,74,0,11.34
153,Namibe,AO,2021-04-17 01:07:37,-15.1961,12.1522,81.79,64,6,6.11
154,Touros,BR,2021-04-17 01:07:38,-5.1989,-35.4608,78.8,83,40,3.44
155,Fairbanks,US,2021-04-17 01:07:38,64.8378,-147.7164,46.4,53,1,4.61
156,Klaksvik,FO,2021-04-17 01:07:38,62.2266,-6.589,44.6,100,75,10.36
157,Comodoro Rivadavia,AR,2021-04-17 01:07:39,-45.8667,-67.5,57.2,67,0,3.47
158,Guerrero Negro,MX,2021-04-17 01:07:39,27.9769,-114.0611,61.21,69,0,25.01
159,Maldonado,UY,2021-04-17 01:07:39,-34.6667,-54.9167,64.4,100,0,3.44
160,Devin,BG,2021-04-17 01:07:40,41.7433,24.4,44.6,93,90,3.44
161,Saskylakh,RU,2021-04-17 01:07:40,71.9167,114.0833,4.33,94,100,14.9
162,Oranjestad,AW,2021-04-17 01:07:40,12.524,-70.027,81.0,83,20,21.85
163,Surt,LY,2021-04-17 01:07:41,31.2089,16.5887,71.82,50,87,4.74
164,Laguna,US,2021-04-17 01:07:41,38.421,-121.4238,79.0,31,1,12.66
165,Krasnoselkup,RU,2021-04-17 01:07:41,65.7,82.4667,6.21,94,100,12.62
166,Umkomaas,ZA,2021-04-17 01:06:19,-30.2067,30.7978,62.01,87,100,3.47
167,Acapulco,MX,2021-04-17 01:07:42,16.8634,-99.8901,80.6,74,75,10.36
168,Gizo,SB,2021-04-17 01:07:42,-8.103,156.8419,84.47,69,28,4.45
169,Urucui,BR,2021-04-17 01:07:42,-7.2294,-44.5561,78.06,68,97,1.32
170,Maniitsoq,GL,2021-04-17 01:07:43,65.4167,-52.9,7.16,88,100,8.52
171,Voyvozh,RU,2021-04-17 01:07:43,62.892,54.9635,30.88,90,88,9.08
172,Canico,PT,2021-04-17 01:07:43,32.6333,-16.85,60.8,67,40,5.75
173,Saldanha,ZA,2021-04-17 01:07:44,-33.0117,17.9442,60.8,55,0,3.44
174,Lahij,YE,2021-04-17 01:07:44,13.1667,44.5833,71.69,76,0,4.99
175,Qaanaaq,GL,2021-04-17 01:05:21,77.484,-69.3632,-1.86,90,100,9.1
176,Bambous Virieux,MU,2021-04-17 01:06:14,-20.3428,57.7575,80.01,88,20,5.75
177,Saint-Philippe,RE,2021-04-17 01:07:45,-21.3585,55.7679,77.0,78,0,5.75
178,Craig,US,2021-04-17 01:07:45,40.5153,-107.5464,39.2,48,90,12.95
179,Chuy,UY,2021-04-17 01:07:45,-33.6971,-53.4616,65.55,92,0,5.39
180,Neuquen,AR,2021-04-17 01:07:46,-38.9516,-68.0591,51.8,66,0,2.3
181,Coihaique,CL,2021-04-17 01:07:37,-45.5752,-72.0662,51.8,76,75,4.74
182,Melita,CA,2021-04-17 01:07:46,49.2681,-100.9967,42.01,73,9,4.0
183,Haines Junction,CA,2021-04-17 01:07:46,60.7522,-137.5108,51.8,30,99,6.91
184,Upernavik,GL,2021-04-17 01:07:47,72.7868,-56.1549,-6.41,95,93,7.02
185,Kuliyapitiya,LK,2021-04-17 01:07:47,7.4688,80.0401,78.8,89,20,3.44
186,Aswan,EG,2021-04-17 01:07:47,24.0934,32.907,77.92,16,0,10.6
187,Hellin,ES,2021-04-17 01:07:48,38.5106,-1.701,41.0,93,40,8.05
188,Boyolangu,ID,2021-04-17 01:07:48,-8.1181,111.8935,79.99,79,100,2.91
189,Esperance,AU,2021-04-17 01:06:05,-33.8667,121.9,57.2,82,64,8.05
190,Baie-Comeau,CA,2021-04-17 01:07:48,49.2168,-68.1489,37.4,65,1,12.66
191,Nanortalik,GL,2021-04-17 01:07:49,60.1432,-45.2371,20.95,56,0,51.05
192,Qandala,SO,2021-04-17 01:07:49,11.472,49.8728,79.79,70,5,5.21
193,Caravelas,BR,2021-04-17 01:07:49,-17.7125,-39.2481,74.59,80,19,6.38
194,Arica,CL,2021-04-17 01:07:50,-18.475,-70.3042,66.2,72,0,1.36
195,Avera,US,2021-04-17 01:07:50,33.194,-82.5271,57.2,67,1,3.98
196,Abu Dhabi,AE,2021-04-17 01:05:05,24.4667,54.3667,75.2,64,0,2.3
197,Brae,GB,2021-04-17 01:07:51,60.3964,-1.353,43.25,86,100,12.71
198,Vila Velha,BR,2021-04-17 01:07:51,-20.3297,-40.2925,71.6,94,75,4.61
199,Bengkulu,ID,2021-04-17 01:07:51,-3.8004,102.2655,77.29,85,89,2.51
200,Kashi,CN,2021-04-17 01:07:52,39.4547,75.9797,59.0,41,75,13.42
201,Alofi,NU,2021-04-17 01:07:52,-19.0595,-169.9187,84.2,65,2,6.91
202,Bathsheba,BB,2021-04-17 01:07:52,13.2167,-59.5167,80.6,65,40,18.41
203,Paracuru,BR,2021-04-17 01:07:53,-3.41,-39.0306,82.0,75,98,15.99
204,Tiksi,RU,2021-04-17 01:07:53,71.6872,128.8694,2.71,98,100,9.13
205,Lobito,AO,2021-04-17 01:07:53,-12.3481,13.5456,79.95,79,64,4.54
206,Bixby,US,2021-04-17 01:07:54,35.942,-95.8833,51.8,93,90,3.44
207,Rio Gallegos,AR,2021-04-17 01:07:54,-51.6226,-69.2181,46.4,57,0,8.05
208,Kargasok,RU,2021-04-17 01:07:54,59.0556,80.8572,19.35,51,0,5.08
209,Rosarito,MX,2021-04-17 01:07:55,32.3333,-117.0333,64.4,72,20,8.05
210,Rio Claro,BR,2021-04-17 01:07:55,-22.4114,-47.5614,73.4,73,20,2.3
211,Chilca,PE,2021-04-17 01:07:55,-12.5211,-76.7372,66.99,82,0,10.36
212,Laukaa,RU,2021-04-17 01:07:11,58.7372,29.8453,40.23,76,18,8.63
213,Naze,JP,2021-04-17 01:07:56,28.3667,129.4833,71.6,94,75,17.27
214,Hofn,IS,2021-04-17 01:03:11,64.2539,-15.2082,43.03,79,20,24.43
215,East London,ZA,2021-04-17 01:05:31,-33.0153,27.9116,59.22,66,4,10.94
216,Lakhimpur,IN,2021-04-17 01:06:08,27.95,80.7667,82.24,29,100,3.8
217,Svetlaya,RU,2021-04-17 01:07:57,46.5389,138.3297,39.42,90,100,2.95
218,Carlsbad,US,2021-04-17 01:07:57,33.1581,-117.3506,64.99,67,20,8.05
219,Rio Grande,BR,2021-04-17 01:07:58,-32.035,-52.0986,68.5,88,100,4.88
220,Ziro,IN,2021-04-17 01:07:58,27.6333,93.8333,51.13,84,100,3.49
221,Akhtanizovskaya,RU,2021-04-17 01:07:58,45.32,37.1,42.8,87,100,2.24
222,Gewane,ET,2021-04-17 01:07:58,10.1664,40.6453,76.95,47,0,4.79
223,Deputatskiy,RU,2021-04-17 01:07:59,69.3,139.9,7.05,83,96,4.54
224,Poso,ID,2021-04-17 01:07:59,-1.3959,120.7524,84.22,67,34,0.98
225,Doha,QA,2021-04-17 01:08:00,25.2867,51.5333,71.6,46,0,4.61
226,Rodionovo-Nesvetayskaya,RU,2021-04-17 01:08:00,47.6103,39.7121,51.01,93,40,2.24
227,Ostrovnoy,RU,2021-04-17 01:08:00,68.0531,39.5131,35.85,95,100,21.41
228,Westport,US,2021-04-17 01:08:01,41.1415,-73.3579,46.4,66,90,9.22
229,Cookeville,US,2021-04-17 01:04:19,36.1628,-85.5016,55.4,66,40,5.37
230,Uribia,CO,2021-04-17 01:08:01,11.7139,-72.266,84.76,61,100,13.69
231,Lata,PT,2021-04-17 01:08:02,40.1629,-8.3327,57.0,87,15,4.29
232,Port Pirie,AU,2021-04-17 01:08:02,-33.1833,138.0167,64.4,59,40,10.36
233,Tilichiki,RU,2021-04-17 01:08:02,60.4667,166.1,26.02,79,100,14.65
234,Abha,SA,2021-04-17 01:06:07,18.2164,42.5053,64.4,25,0,7.83
235,Komsomolskiy,UZ,2021-04-17 01:08:03,40.4272,71.7189,53.6,50,7,4.61
236,Half Moon Bay,US,2021-04-17 01:08:03,37.4636,-122.4286,64.0,81,90,12.66
237,Kutum,SD,2021-04-17 01:08:03,14.2,24.6667,68.95,10,7,8.97
238,Ilo,PE,2021-04-17 01:08:04,-17.6394,-71.3375,67.1,81,0,7.0
239,Noumea,NC,2021-04-17 01:05:07,-22.2763,166.4572,80.01,83,90,16.11
240,Ossora,RU,2021-04-17 01:08:04,59.2353,163.0719,29.35,64,0,5.68
241,Srivardhan,IN,2021-04-17 01:08:04,18.0333,73.0167,78.21,75,0,8.59
242,Faanui,PF,2021-04-17 01:06:21,-16.4833,-151.75,82.13,72,35,6.58
243,Yeniseysk,RU,2021-04-17 01:08:05,58.4497,92.1703,14.13,66,6,10.71
244,Lucapa,AO,2021-04-17 01:04:15,-8.4192,20.7447,65.1,96,100,3.31
245,Pila,PL,2021-04-17 01:08:05,53.1515,16.7378,39.99,92,100,5.01
246,Alegrete,BR,2021-04-17 01:08:06,-29.7831,-55.7919,67.15,87,100,5.1
247,El Campo,US,2021-04-17 01:08:06,29.1966,-96.2697,70.0,94,90,13.8
248,Palmer,US,2021-04-17 01:08:06,42.1584,-72.3287,39.2,75,90,14.97
249,Bonthe,SL,2021-04-17 01:08:07,7.5264,-12.505,78.44,85,94,4.27
250,Clyde River,CA,2021-04-17 01:08:07,70.4692,-68.5914,10.4,85,82,21.85
251,Phangnga,TH,2021-04-17 01:08:07,8.4509,98.5298,84.99,94,40,3.44
252,Tigil,RU,2021-04-17 01:08:08,57.8,158.6667,29.05,84,69,20.18
253,Bredasdorp,ZA,2021-04-17 01:08:08,-34.5322,20.0403,50.0,93,6,3.4
254,Chokurdakh,RU,2021-04-17 01:08:08,70.6333,147.9167,7.68,89,9,10.02
255,Namie,JP,2021-04-17 01:08:09,37.4833,141.0,57.99,79,100,15.9
256,Grand Forks,US,2021-04-17 01:08:09,47.9417,-97.4337,44.6,61,1,10.36
257,Leningradskiy,RU,2021-04-17 01:08:09,69.3833,178.4167,34.3,86,99,4.23
258,Oxford,GB,2021-04-17 01:08:11,51.7522,-1.256,33.01,86,6,2.3
259,Puerto Montt,CL,2021-04-17 01:08:11,-41.4698,-72.9447,51.8,93,0,4.61
260,Setermoen,NO,2021-04-17 01:08:11,68.861,18.3486,39.2,65,37,2.3
261,Sao Joao Da Barra,BR,2021-04-17 01:04:25,-21.6403,-41.0511,73.17,79,9,9.13
262,San Juan,AR,2021-04-17 01:08:12,-31.5375,-68.5364,75.34,40,70,5.59
263,Pochutla,MX,2021-04-17 01:08:12,15.7432,-96.4661,87.8,25,20,23.02
264,Mareeba,AU,2021-04-17 01:08:13,-17.0,145.4333,86.0,58,90,13.8
265,Gao,ML,2021-04-17 01:08:13,16.6362,1.637,85.35,6,6,6.91
266,Ryotsu,JP,2021-04-17 01:08:13,38.0833,138.4333,55.4,88,75,8.05
267,Vila Franca Do Campo,PT,2021-04-17 01:08:14,37.7167,-25.4333,60.8,94,40,8.05
268,Matara,LK,2021-04-17 01:08:14,5.9485,80.5353,77.63,86,100,2.98
269,Geraldton,AU,2021-04-17 01:08:14,-28.7667,114.6,73.4,28,100,14.97
270,Tacoronte,ES,2021-04-17 01:08:14,28.4769,-16.4102,64.0,88,90,14.97
271,Woodward,US,2021-04-17 01:08:15,36.4337,-99.3904,43.0,81,90,12.66
272,Villafranca De Los Barros,ES,2021-04-17 01:08:15,38.5614,-6.3381,55.99,58,19,3.0
273,Olafsvik,IS,2021-04-17 01:08:15,64.8945,-23.7142,38.32,75,90,30.04
274,Creston,US,2021-04-17 01:08:16,41.0586,-94.3614,45.0,70,90,6.91
275,Adre,TD,2021-04-17 01:08:16,13.4667,22.2,74.52,8,14,14.45
276,Kavaratti,IN,2021-04-17 01:08:16,10.5669,72.642,83.62,73,2,3.49
277,Manhattan,US,2021-04-17 01:06:13,40.7834,-73.9662,48.0,81,90,5.75
278,Keti Bandar,PK,2021-04-17 01:08:17,24.1447,67.4497,78.85,81,0,12.15
279,Bubaque,GW,2021-04-17 01:08:17,11.2833,-15.8333,76.8,75,48,17.87
280,Cherdyn,RU,2021-04-17 01:08:18,60.403,56.4787,30.42,86,15,5.86
281,Mchinji,MW,2021-04-17 01:08:06,-13.7984,32.8802,56.53,88,12,4.43
282,San Patricio,US,2021-04-17 01:08:18,28.017,-97.5169,78.01,94,90,6.91
283,Nadvoitsy,RU,2021-04-17 01:08:18,63.8667,34.3167,29.43,95,24,3.02
284,Aksu,CN,2021-04-17 01:08:19,41.1231,80.2644,57.42,48,100,6.35
285,Maneromango,TZ,2021-04-17 01:08:19,-7.1988,38.7848,68.38,98,28,3.62
286,Havre-Saint-Pierre,CA,2021-04-17 01:08:19,50.2334,-63.5986,30.2,86,1,4.61
287,Ketchikan,US,2021-04-17 01:08:20,55.3422,-131.6461,59.0,47,1,6.91
288,Sao Filipe,CV,2021-04-17 01:08:20,14.8961,-24.4956,71.71,73,0,8.59
289,Orlik,RU,2021-04-17 01:08:20,52.5178,99.825,31.15,70,100,3.69
290,San Vicente,AR,2021-04-17 01:08:21,-26.6167,-54.1333,59.61,99,100,2.66
291,Provideniya,RU,2021-04-17 01:08:21,64.3833,-173.3,33.85,86,26,7.85
292,Bud,US,2021-04-17 01:08:21,39.447,-86.1758,55.4,50,1,4.99
293,Luderitz,NA,2021-04-17 01:08:22,-26.6481,15.1594,77.27,38,99,8.95
294,Itaituba,BR,2021-04-17 01:08:22,-4.2761,-55.9836,73.62,97,100,2.19
295,Lorengau,PG,2021-04-17 01:05:48,-2.0226,147.2712,84.7,74,72,8.59
296,Cuauhtemoc,MX,2021-04-17 01:07:24,28.4167,-106.8667,69.01,19,100,8.99
297,Kamenka,RU,2021-04-17 01:08:22,51.3223,42.7678,53.01,59,43,5.41
298,Murray Bridge,AU,2021-04-17 01:08:23,-35.1167,139.2667,62.01,62,93,8.1
299,Cockburn Town,TC,2021-04-17 01:08:23,21.4612,-71.1419,76.82,71,39,9.44
300,Champerico,GT,2021-04-17 01:08:24,14.3,-91.9167,86.0,70,40,6.91
301,Athabasca,CA,2021-04-17 01:08:24,54.7169,-113.2854,69.8,16,72,4.61
302,Hasaki,JP,2021-04-17 01:08:24,35.7333,140.8333,64.0,67,75,13.8
303,Igarka,RU,2021-04-17 01:08:24,67.4667,86.5833,-13.5,97,100,2.77
304,Te Anau,NZ,2021-04-17 01:08:25,-45.4167,167.7167,52.38,52,98,2.59
305,Obo,CF,2021-04-17 01:08:25,5.3998,26.4869,75.24,59,81,4.36
306,Krasnyy Yar,RU,2021-04-17 01:08:25,46.5331,48.3456,53.01,62,0,8.95
307,Ozinki,RU,2021-04-17 01:08:26,51.1786,49.6769,51.78,60,99,7.81
308,Necochea,AR,2021-04-17 01:08:26,-38.5473,-58.7368,60.78,90,0,6.78
309,Xinzhi,CN,2021-04-17 01:08:26,36.4989,111.7047,51.93,16,0,11.7
310,Husavik,IS,2021-04-17 01:08:27,66.0449,-17.3389,39.2,60,0,11.5
311,Matagami,CA,2021-04-17 01:08:27,49.7502,-77.6328,41.0,75,40,11.5
312,Pedernales,DO,2021-04-17 01:08:27,18.0384,-71.744,79.39,73,1,5.68
313,Tawau,MY,2021-04-17 01:08:28,4.2498,117.8871,78.8,89,20,6.29
314,Verkhnyaya Inta,RU,2021-04-17 01:08:28,65.9811,60.3094,21.67,95,100,4.32
315,Seoul,KR,2021-04-17 01:08:29,37.5683,126.9778,51.8,50,75,11.5
316,Port Macquarie,AU,2021-04-17 01:08:29,-31.4333,152.9167,59.0,100,90,9.22
317,Along,IN,2021-04-17 01:08:29,28.1667,94.7667,69.28,81,100,1.92
318,Klyuchi,RU,2021-04-17 01:08:30,52.2667,79.1667,38.98,83,100,16.11
319,Donskoye,RU,2021-04-17 01:08:30,45.4552,41.9741,48.2,100,90,11.18
320,Angoche,MZ,2021-04-17 01:08:30,-16.2325,39.9086,77.34,70,93,15.37
321,Nouadhibou,MR,2021-04-17 01:08:30,20.931,-17.0347,66.2,72,0,21.85
322,Shieli,KZ,2021-04-17 01:08:31,44.1667,66.75,58.78,42,27,3.2
323,Chapais,CA,2021-04-17 01:08:31,49.7834,-74.8492,46.4,49,75,3.44
324,Nhulunbuy,AU,2021-04-17 01:08:31,-12.2333,136.7667,89.6,55,40,14.97
325,Mossendjo,CG,2021-04-17 01:08:32,-2.9506,12.7261,68.5,98,100,1.48
326,Pevek,RU,2021-04-17 01:08:32,69.7008,170.3133,21.18,86,100,2.57
327,Papara,BR,2021-04-17 01:08:32,-3.9839,-38.7273,82.0,83,20,8.05
328,Paysandu,UY,2021-04-17 01:08:33,-32.3214,-58.0756,68.0,85,0,1.99
329,Presidente Olegario,BR,2021-04-17 01:08:33,-18.4178,-46.4181,64.0,47,40,3.89
330,Batagay-Alyta,RU,2021-04-17 01:08:33,67.8006,130.4114,16.18,91,100,4.29
331,Bawku,GH,2021-04-17 01:08:34,11.0616,-0.2417,82.31,58,100,7.96
332,Eidsvag,NO,2021-04-17 01:08:34,62.7767,8.0668,37.4,65,11,4.61
333,Ekhabi,RU,2021-04-17 01:08:34,53.5102,142.9671,32.85,99,87,8.7
334,Los Llanos De Aridane,ES,2021-04-17 01:08:35,28.6585,-17.9182,68.0,77,40,16.11
335,Baranchinskiy,RU,2021-04-17 01:08:35,58.1617,59.6991,31.86,70,3,3.09
336,Hamilton,US,2021-04-17 01:08:35,39.1834,-84.5333,54.0,62,20,3.96
337,Zhigansk,RU,2021-04-17 01:08:36,66.7697,123.3711,21.09,81,99,16.42
338,Neftegorsk,RU,2021-04-17 01:08:36,52.802,51.166,48.63,80,10,7.63
339,Ippy,CF,2021-04-17 01:08:36,6.2679,21.2247,74.62,52,73,2.89
340,Gbadolite,CD,2021-04-17 01:08:37,4.2833,21.0167,72.46,72,99,2.46
341,Kruisfontein,ZA,2021-04-17 01:08:37,-34.0033,24.7314,52.0,79,0,1.01
342,Premia De Mar,ES,2021-04-17 01:08:38,41.4921,2.3652,50.0,68,100,8.99
343,Usinsk,RU,2021-04-17 01:08:38,65.9939,57.5281,27.81,80,100,31.74
344,Rabaul,PG,2021-04-17 01:08:38,-4.1967,152.1721,80.22,76,100,3.58
345,Hervey Bay,AU,2021-04-17 01:08:39,-25.2986,152.8535,81.0,58,4,1.01
346,Arona,ES,2021-04-17 01:08:39,28.0996,-16.681,68.0,60,40,4.61
347,Majene,ID,2021-04-17 01:08:39,-3.5403,118.9707,83.21,69,66,7.9
348,Fuerte Olimpo,PY,2021-04-17 01:08:40,-21.0415,-57.8738,79.65,48,17,1.97
349,Kirchlinteln,DE,2021-04-17 01:08:40,52.95,9.3167,33.8,86,0,3.44
350,Mackay,AU,2021-04-17 01:08:40,-21.15,149.2,77.0,78,90,11.5
351,Pilot Butte,CA,2021-04-17 01:08:41,50.4668,-104.4178,44.6,57,6,5.75
352,Yaransk,RU,2021-04-17 01:08:41,57.3033,47.8861,33.76,82,0,7.45
353,Rivadavia,AR,2021-04-17 01:08:41,-33.1905,-68.4608,71.6,60,0,3.44
354,Derbent,RU,2021-04-17 01:08:41,42.0678,48.2899,53.02,72,6,6.58
355,Codrington,AU,2021-04-17 01:08:42,-38.2667,141.9667,60.78,58,100,7.83
356,Tazovskiy,RU,2021-04-17 01:08:42,67.4667,78.7,5.13,95,100,9.93
357,Yarovoye,RU,2021-04-17 01:08:43,52.9273,78.58,36.64,74,99,15.57
358,Shangqiu,CN,2021-04-17 01:05:04,34.45,115.65,57.13,22,0,8.23
359,Victoria,HK,2021-04-17 01:07:48,22.2855,114.1577,73.99,90,100,1.99
360,Shizunai,JP,2021-04-17 01:08:43,42.3339,142.3669,45.9,87,100,20.47
361,Fastovetskaya,RU,2021-04-17 01:08:43,45.9189,40.1589,48.61,97,100,5.95
362,Anicuns,BR,2021-04-17 01:08:44,-16.4611,-49.9617,70.72,74,44,2.26
363,Oranjemund,NA,2021-04-17 01:08:44,-28.55,16.4333,75.47,40,100,7.18
364,Hay River,CA,2021-04-17 01:08:44,60.8156,-115.7999,46.4,46,100,5.75
365,Kupang,ID,2021-04-17 01:08:45,-10.1667,123.5833,82.08,71,47,7.65
366,Kletskaya,RU,2021-04-17 01:08:45,49.3145,43.0584,54.12,75,99,2.91
367,Bay Roberts,CA,2021-04-17 01:08:45,47.5999,-53.2648,33.01,90,99,8.99
368,Bantry,IE,2021-04-17 01:08:46,51.6833,-9.45,44.6,81,75,9.22
369,Arandis,NA,2021-04-17 01:08:46,-22.4167,14.9667,75.99,59,93,1.99
370,Ugoofaaru,MV,2021-04-17 01:08:46,5.6667,73.0,83.25,70,100,3.18
371,Metro,ID,2021-04-17 01:08:47,-5.1131,105.3067,78.64,83,100,3.49
372,Ovalle,CL,2021-04-17 01:04:05,-30.5983,-71.2003,65.93,70,100,2.75
373,Erzin,TR,2021-04-17 01:08:47,36.9559,36.2,62.01,71,34,4.72
374,Horqueta,PY,2021-04-17 01:08:47,-23.3428,-57.0597,75.04,70,66,7.18
375,Flinders,AU,2021-04-17 01:08:48,-34.5833,150.8552,64.99,71,100,1.01
376,Yinchuan,CN,2021-04-17 01:08:48,38.4681,106.2731,44.6,18,1,2.21
377,Nizhniy Odes,RU,2021-04-17 01:08:48,63.6445,54.856,33.03,79,100,12.48
378,Chiredzi,ZW,2021-04-17 01:08:49,-21.05,31.6667,63.32,78,100,9.19
379,Devils Lake,US,2021-04-17 01:08:49,48.1128,-98.8651,41.0,70,40,8.05
380,Fortuna,US,2021-04-17 01:08:49,40.5982,-124.1573,57.0,87,1,12.66
381,Baoying,CN,2021-04-17 01:05:15,33.2292,119.3092,57.58,46,0,8.88
382,Eureka,US,2021-04-17 01:08:50,40.8021,-124.1637,53.01,93,90,3.44
383,Hirara,JP,2021-04-17 01:08:50,24.8,125.2833,73.4,100,75,8.05
384,Lenoir City,US,2021-04-17 01:08:50,35.7973,-84.256,55.0,65,100,4.07
385,Edson,CA,2021-04-17 01:08:51,53.5835,-116.4356,68.0,13,1,2.3
386,Liverpool,GB,2021-04-17 01:06:29,53.4106,-2.9779,42.01,66,15,2.06
387,Maragheh,IR,2021-04-17 01:08:51,37.3917,46.2398,48.2,43,0,9.22
388,Porto Novo,BJ,2021-04-17 01:05:12,6.4965,2.6036,82.4,83,40,11.5
389,Lerwick,GB,2021-04-17 01:08:52,60.1545,-1.1494,43.3,86,100,14.23
390,Constitucion,CL,2021-04-17 01:08:52,-35.3333,-72.4167,56.48,82,100,6.64
391,Roald,NO,2021-04-17 01:08:52,62.5833,6.1333,37.99,65,0,9.22
392,Anito,PH,2021-04-17 01:08:53,12.4497,125.2886,83.89,73,100,12.82
393,Portland,US,2021-04-17 01:07:14,45.5234,-122.6762,77.0,14,1,14.97
394,Campo De Criptana,ES,2021-04-17 01:08:53,39.4046,-3.1249,41.65,64,0,10.09
395,Defiance,US,2021-04-17 01:08:53,41.3334,-84.45,51.8,58,1,8.05
396,Mahoba,IN,2021-04-17 01:08:54,25.2833,79.8667,83.03,27,57,2.75
397,Estelle,US,2021-04-17 01:08:54,29.8458,-90.1067,66.0,100,90,8.05
398,Salalah,OM,2021-04-17 01:08:54,17.0151,54.0924,77.0,73,0,4.61
399,Cayenne,GF,2021-04-17 01:04:19,4.9333,-52.3333,81.0,78,40,3.44
400,Korla,CN,2021-04-17 01:08:55,41.7597,86.1469,59.99,23,55,5.17
401,Troina,IT,2021-04-17 01:08:55,37.7854,14.5985,55.4,50,20,10.36
402,Miraflores,MX,2021-04-17 01:08:55,19.2167,-98.8083,77.0,22,75,11.5
403,Sola,VU,2021-04-17 01:08:56,-13.8833,167.55,89.6,74,75,4.61
404,Lagoa,PT,2021-04-17 01:08:56,39.05,-27.9833,61.45,96,100,12.5
405,Pimentel,PE,2021-04-17 01:08:56,-6.8367,-79.9342,69.8,73,0,19.57
406,Kahului,US,2021-04-17 01:08:57,20.8947,-156.47,78.8,61,40,11.5
407,Valparaiso,CL,2021-04-17 01:06:03,-33.0393,-71.6273,55.99,94,90,5.75
408,Adelaide,AU,2021-04-17 01:07:06,-34.9333,138.6,66.0,48,40,10.36
409,Okha,RU,2021-04-17 01:04:52,53.5739,142.9478,32.76,98,89,8.25
410,Three Hills,CA,2021-04-17 01:08:57,51.7001,-113.2686,66.2,23,0,4.61
411,Hovd,MN,2021-04-17 01:08:58,48.0056,91.6419,45.88,25,28,6.4
412,Dapaong,TG,2021-04-17 01:08:58,10.8639,0.205,82.26,53,100,9.06
413,Souillac,MU,2021-04-17 01:08:58,-20.5167,57.5167,77.0,88,20,5.75
414,Huaibei,CN,2021-04-17 01:08:59,33.9744,116.7917,57.65,37,0,6.85
415,Hami,CN,2021-04-17 01:08:59,42.8,93.45,57.87,12,0,11.03
416,Port Hedland,AU,2021-04-17 01:08:59,-20.3167,118.5667,87.8,33,0,23.02
417,Oktyabrskoye,RU,2021-04-17 01:09:00,43.0645,44.7417,48.0,87,34,8.95
418,Kodiak,US,2021-04-17 01:08:26,57.79,-152.4072,46.4,61,40,9.22
419,Tubuala,PA,2021-04-17 01:09:00,9.5167,-79.0333,75.2,94,75,3.44
420,Mosna,RO,2021-04-17 01:09:00,46.0833,24.4,39.2,86,0,1.95
421,Severo-Yeniseyskiy,RU,2021-04-17 01:09:01,60.3725,93.0408,2.19,80,100,10.74
422,Padang,ID,2021-04-17 01:09:01,-0.9492,100.3543,73.4,100,75,1.14
423,Norman Wells,CA,2021-04-17 01:09:01,65.282,-126.8329,48.2,49,75,10.36
424,Ankpa,NG,2021-04-17 01:09:02,7.3706,7.6253,76.19,86,100,9.6
425,Nome,US,2021-04-17 01:09:02,64.5011,-165.4064,30.99,93,90,6.91
426,Boa Vista,BR,2021-04-17 01:09:02,2.8197,-60.6733,80.6,83,40,3.44
427,Waipawa,NZ,2021-04-17 01:07:12,-41.4122,175.5153,57.2,72,75,23.02
428,Vanimo,PG,2021-04-17 01:09:03,-2.6741,141.3028,75.51,94,100,2.89
429,Coos Bay,US,2021-04-17 01:09:03,43.3665,-124.2179,77.0,82,40,10.36
430,Yerbogachen,RU,2021-04-17 01:09:04,61.2767,108.0108,11.71,74,100,14.79
431,San Javier,ES,2021-04-17 01:09:04,37.8063,-0.8374,53.01,93,100,4.61
432,Stornoway,GB,2021-04-17 01:09:04,58.2093,-6.3865,46.0,87,75,10.36
433,Port Blair,IN,2021-04-17 01:09:05,11.6667,92.75,83.01,71,83,8.99
434,Ardakan,IR,2021-04-17 01:09:05,32.31,54.0175,66.2,20,20,9.22
435,Evensk,RU,2021-04-17 01:09:05,61.95,159.2333,22.3,82,100,6.38
436,Annau,TM,2021-04-17 01:09:06,37.8876,58.516,66.2,45,90,6.91
437,Karasburg,NA,2021-04-17 01:09:06,-28.0167,18.75,69.98,37,72,6.69
438,Macau,MO,2021-04-17 01:09:06,22.2006,113.5461,73.4,94,40,6.91
439,Port Hardy,CA,2021-04-17 01:09:07,50.6996,-127.4199,66.2,45,1,9.22
440,Plettenberg Bay,ZA,2021-04-17 01:06:47,-34.0527,23.3716,59.47,48,0,5.77
441,Baykit,RU,2021-04-17 01:07:03,61.67,96.37,2.07,83,100,11.72
442,Amuntai,ID,2021-04-17 01:09:07,-2.4177,115.2494,82.54,71,94,2.37
443,Manzil Salim,TN,2021-04-17 01:09:08,35.8567,8.4765,46.4,93,75,10.36
444,Shache,CN,2021-04-17 01:09:08,38.4167,77.2406,56.97,39,100,5.99
445,Pinawa,CA,2021-04-17 01:09:08,50.1489,-95.8811,38.52,81,89,6.87
446,Phalodi,IN,2021-04-17 01:09:09,27.1333,72.3667,72.81,47,0,6.89
447,Keetmanshoop,NA,2021-04-17 01:09:09,-26.5833,18.1333,70.12,40,33,5.23
448,Mecca,SA,2021-04-17 01:09:09,21.4267,39.8261,82.47,45,61,4.07
449,Praia Da Vitoria,PT,2021-04-17 01:09:10,38.7333,-27.0667,63.0,82,75,18.19
450,Kismayo,SO,2021-04-17 01:09:10,-0.3582,42.5454,82.04,77,48,9.31
451,Ararat,AM,2021-04-17 01:09:10,39.8317,44.7049,51.8,50,18,4.61
452,Talnakh,RU,2021-04-17 01:09:11,69.4865,88.3972,-10.05,96,100,3.44
453,Fukue,JP,2021-04-17 01:09:11,32.6881,128.8419,62.6,100,75,3.44
454,Moose Factory,CA,2021-04-17 01:09:11,51.2585,-80.6094,35.6,75,1,8.05
455,Rheda-Wiedenbruck,DE,2021-04-17 01:09:12,51.8497,8.3002,39.0,67,77,4.36
456,Auki,SB,2021-04-17 01:09:12,-8.7676,160.7034,86.34,66,22,2.71
457,Conceicao Do Mato Dentro,BR,2021-04-17 01:09:12,-19.0372,-43.425,58.86,92,68,0.27
458,Kasur,PK,2021-04-17 01:09:13,31.1156,74.4467,66.2,77,40,10.36
459,Buala,SB,2021-04-17 01:09:13,-8.145,159.5921,84.6,73,45,4.34
460,Narsaq,GL,2021-04-17 01:09:02,60.9167,-46.05,17.6,38,8,19.57
461,Jardim,BR,2021-04-17 01:09:13,-21.4803,-56.1381,73.24,78,52,3.22
462,Opuwo,NA,2021-04-17 01:09:14,-18.0607,13.84,72.34,44,100,4.97
463,Kara-Tyube,RU,2021-04-17 01:09:14,44.6336,45.4369,55.29,51,99,7.94
464,Onverwacht,SR,2021-04-17 01:09:14,5.5833,-55.1833,80.6,88,0,5.75
465,Tirat Karmel,IL,2021-04-17 01:09:15,32.7617,34.9719,59.0,55,52,1.01
466,Sarti,GR,2021-04-17 01:09:15,40.1,23.9833,53.98,80,100,8.28
467,Dauphin,CA,2021-04-17 01:09:15,51.1494,-100.0502,46.4,31,1,4.61
468,Lunenburg,CA,2021-04-17 01:09:15,44.3835,-64.3155,37.4,100,100,27.63
469,Japura,ID,2021-04-17 01:09:16,-0.3167,102.35,73.74,97,100,1.28
470,Sursk,RU,2021-04-17 01:09:16,53.0754,45.6846,55.0,31,40,8.01
471,Trincomalee,LK,2021-04-17 01:09:16,8.5711,81.2335,78.01,77,100,7.05
472,Bitung,ID,2021-04-17 01:09:17,1.4451,125.1824,87.8,62,20,6.91
473,Yumen,CN,2021-04-17 01:09:17,40.2833,97.2,46.02,14,49,8.81
474,Scottsbluff,US,2021-04-17 01:09:18,41.8666,-103.6672,39.2,70,90,5.75
475,Kabare,CD,2021-04-17 01:09:18,-2.4683,28.8242,60.98,97,100,2.57
476,Timra,SE,2021-04-17 01:09:18,62.487,17.3257,36.0,80,30,11.5
477,Berlevag,NO,2021-04-17 01:09:18,70.8578,29.0864,39.65,86,100,35.01
478,Sorland,NO,2021-04-17 01:09:19,67.667,12.6934,40.62,83,0,13.44
479,Cantaura,VE,2021-04-17 01:09:19,9.3057,-64.3584,84.02,53,15,12.91
480,Khani,GE,2021-04-17 01:09:19,41.9563,42.9566,51.8,93,0,3.44
481,Illapel,CL,2021-04-17 01:09:20,-31.6308,-71.1653,63.93,76,100,1.3
482,Wanaka,NZ,2021-04-17 01:06:15,-44.7,169.15,52.0,67,19,1.99
483,Manaus,BR,2021-04-17 01:05:15,-3.1019,-60.025,80.6,74,0,3.44
484,Nelson Bay,AU,2021-04-17 01:09:20,-32.7167,152.15,60.01,100,90,9.22
485,Gunnedah,AU,2021-04-17 01:09:21,-30.9833,150.25,57.0,96,100,5.01
486,Vestmannaeyjar,IS,2021-04-17 01:09:21,63.4427,-20.2734,42.1,69,100,22.66
487,Teya,RU,2021-04-17 01:09:21,60.3778,92.6267,5.97,77,78,9.28
488,Tala,EG,2021-04-17 01:09:21,30.6803,30.9429,59.94,61,5,7.14
489,Mwinilunga,ZM,2021-04-17 01:09:22,-11.7358,24.4293,56.59,77,40,4.45
490,Mombetsu,JP,2021-04-17 01:09:22,44.3525,143.3525,60.8,44,75,16.11
491,Itarema,BR,2021-04-17 01:09:22,-2.9248,-39.9167,78.39,86,91,10.78
492,Cururupu,BR,2021-04-17 01:09:23,-1.8283,-44.8683,74.41,97,100,3.36
493,Grinnell,US,2021-04-17 01:09:23,41.743,-92.7224,53.6,58,1,6.91
494,Tezu,IN,2021-04-17 01:09:23,27.9167,96.1667,78.58,36,49,2.06
495,College,US,2021-04-17 01:09:24,64.8569,-147.8028,46.4,49,20,6.91
496,Batamshinskiy,KZ,2021-04-17 01:09:24,50.5594,58.2747,37.4,81,0,4.47
497,Longyearbyen,SJ,2021-04-17 01:06:13,78.2186,15.6401,14.0,62,20,11.5
498,Motygino,RU,2021-04-17 01:09:25,58.1831,94.7592,20.1,66,78,8.1
499,Khonsa,IN,2021-04-17 01:09:25,27.0167,95.5667,71.24,52,100,0.63
500,Nishihara,JP,2021-04-17 01:09:25,26.1842,127.7558,75.2,88,75,11.5
501,Brus Laguna,HN,2021-04-17 01:09:26,15.75,-84.4833,78.94,79,10,9.22
502,Henties Bay,NA,2021-04-17 01:09:26,-22.116,14.2845,75.99,59,100,1.99
503,Sabha,LY,2021-04-17 01:09:18,27.0377,14.4283,84.33,10,99,1.81
504,Mahibadhoo,MV,2021-04-17 01:09:26,3.7833,72.9667,82.44,73,21,5.53
505,Namatanai,PG,2021-04-17 01:07:38,-3.6667,152.4333,82.22,72,96,5.14
506,Smithfield,US,2021-04-17 01:09:27,41.922,-71.5495,37.99,100,90,20.71
507,Dwarka,IN,2021-04-17 01:09:27,22.2394,68.9678,79.86,81,0,9.51
508,Broome,US,2021-04-17 01:09:27,42.2506,-75.833,39.99,100,90,9.22
509,Asmara,ER,2021-04-17 01:09:28,15.3333,38.9333,59.67,67,67,3.44
510,Muscat,OM,2021-04-17 01:09:28,23.6139,58.5922,78.8,38,0,2.3
511,Guozhen,CN,2021-04-17 01:09:28,34.3659,107.359,55.18,27,70,6.38
512,Hanmer Springs,NZ,2021-04-17 01:09:29,-42.5167,172.8167,46.09,84,99,0.94
513,Ola,RU,2021-04-17 01:09:29,59.5833,151.2833,22.68,87,100,7.38
514,Shiloh,US,2021-04-17 01:09:29,38.5614,-89.8973,55.0,66,75,4.61
515,Blackwater,AU,2021-04-17 01:09:30,-23.5833,148.8833,79.25,42,0,8.61
516,Karratha,AU,2021-04-17 01:09:30,-20.7377,116.8463,85.91,39,0,19.6
517,Ponta Delgada,PT,2021-04-17 01:09:30,37.7333,-25.6667,60.8,94,40,8.05
518,Guatire,VE,2021-04-17 01:09:31,10.4762,-66.5427,82.4,74,75,5.75
519,Donegal,IE,2021-04-17 01:09:31,54.65,-8.1167,40.51,90,69,5.06
520,Hambantota,LK,2021-04-17 01:09:31,6.1241,81.1185,77.0,100,75,3.44
521,Samana,DO,2021-04-17 01:09:32,19.2056,-69.3369,78.8,83,20,4.61
522,Paciran,ID,2021-04-17 01:09:32,-6.8767,112.3761,81.93,76,59,4.83
523,Shelburne,CA,2021-04-17 01:09:32,44.0787,-80.2041,41.0,100,100,6.33
524,San Cristobal,VE,2021-04-17 01:09:33,7.7669,-72.225,82.4,69,40,2.3
525,Praia,CV,2021-04-17 01:09:33,14.9215,-23.5087,69.8,73,20,17.27
526,Kamarion,GR,2021-04-17 01:09:33,36.8,25.8167,64.99,71,100,4.0
527,Ornskoldsvik,SE,2021-04-17 01:09:34,63.2909,18.7153,32.0,86,77,5.75
528,San Lazaro,BZ,2021-04-17 01:09:34,18.0387,-88.6622,82.4,74,40,13.8
529,Raudeberg,NO,2021-04-17 01:09:34,61.9875,5.1352,42.01,56,0,6.44
530,Bandarbeyla,SO,2021-04-17 01:09:34,9.4942,50.8122,79.79,74,25,5.82
531,Colares,PT,2021-04-17 01:09:35,38.7992,-9.4469,57.0,81,100,5.01
532,Paamiut,GL,2021-04-17 01:09:35,61.994,-49.6678,12.47,65,56,14.34
533,Beyneu,KZ,2021-04-17 01:09:36,45.3167,55.2,57.09,55,0,7.09
534,Garowe,SO,2021-04-17 01:09:36,8.4054,48.4845,73.2,82,0,8.72
535,Amparafaravola,MG,2021-04-17 01:09:36,-17.5833,48.2167,65.39,95,98,0.63
536,Maneadero,MX,2021-04-17 01:06:06,31.7167,-116.5667,62.01,77,0,4.0
537,Katobu,ID,2021-04-17 01:09:37,-4.9408,122.5276,84.56,63,5,3.27
538,Ciudad Real,ES,2021-04-17 01:09:37,39.0,-4.0,48.0,67,0,1.01
539,Kirakira,SB,2021-04-17 01:09:37,-10.4544,161.9205,86.68,68,19,11.1
540,Adrar,MR,2021-04-17 01:09:38,20.5022,-10.0711,71.19,23,0,11.32
541,Coquimbo,CL,2021-04-17 01:09:11,-29.9533,-71.3436,59.0,82,90,3.44
542,Ust-Ilimsk,RU,2021-04-17 01:09:38,58.0006,102.6619,26.24,74,75,10.83
543,Hohhot,CN,2021-04-17 01:09:38,40.8106,111.6522,32.0,59,0,2.24
544,Mount Isa,AU,2021-04-17 01:05:22,-20.7333,139.5,78.8,25,34,18.41
545,Srednekolymsk,RU,2021-04-17 01:09:39,67.45,153.6833,22.15,74,7,10.4
546,Khandbari,NP,2021-04-17 01:09:39,27.3747,87.2039,70.99,31,63,3.56
547,Aklavik,CA,2021-04-17 01:09:40,68.2191,-135.0107,33.8,51,100,3.44
548,Port-Gentil,GA,2021-04-17 01:09:40,-0.7193,8.7815,82.06,78,100,8.46
549,Igreja Nova,BR,2021-04-17 01:09:40,-10.1253,-36.6619,72.72,93,85,3.47
550,Zemetchino,RU,2021-04-17 01:09:40,53.4973,42.6163,49.64,82,100,7.58
551,Tura,IN,2021-04-17 01:09:41,25.5198,90.2201,75.42,56,4,3.69
552,Benguela,AO,2021-04-17 01:09:41,-12.5763,13.4055,79.99,80,50,3.47
553,Codajas,BR,2021-04-17 01:09:41,-3.8367,-62.0569,74.37,97,100,2.04
554,Barinitas,VE,2021-04-17 01:09:42,8.7622,-70.4111,72.5,82,94,4.5
555,Sokolow Podlaski,PL,2021-04-17 01:09:42,52.4068,22.2531,45.0,92,100,4.05
556,Tonj,SS,2021-04-17 01:09:42,7.2737,28.6822,82.22,34,69,4.14
557,Awbari,LY,2021-04-17 01:09:43,26.5921,12.7805,82.53,12,22,2.53
558,Balabac,PH,2021-04-17 01:09:43,7.9868,117.0645,83.86,72,100,11.61
559,Rusape,ZW,2021-04-17 01:09:44,-18.5278,32.1284,55.65,93,84,7.63
560,Dongzhen,CN,2021-04-17 01:09:44,22.3797,110.9389,77.9,79,83,3.18
561,Yuzhno-Sukhokumsk,RU,2021-04-17 01:09:44,44.6581,45.6436,55.45,50,94,7.78
562,Krasnovishersk,RU,2021-04-17 01:09:44,60.4078,57.082,27.23,96,80,2.13
563,Ayan,RU,2021-04-17 01:09:45,56.45,138.1667,28.76,82,21,4.59
564,Nador,MA,2021-04-17 01:09:45,35.174,-2.9287,53.6,87,20,3.44
565,Labytnangi,RU,2021-04-17 01:09:45,66.6572,66.4183,1.98,95,100,3.11
566,Tandalti,SD,2021-04-17 01:09:46,13.0167,31.8667,78.69,8,41,11.92
567,Mnogovershinnyy,RU,2021-04-17 01:09:46,53.9353,139.9242,32.81,97,74,1.03
568,Oda,JP,2021-04-17 01:09:46,35.1833,132.5,59.0,94,75,1.14
569,Tabuk,PH,2021-04-17 01:09:47,17.4189,121.4443,82.51,65,100,2.42
570,Sao Jose Da Coroa Grande,BR,2021-04-17 01:06:34,-8.8978,-35.1478,77.2,85,88,7.2
571,Wanning,CN,2021-04-17 01:09:47,18.8003,110.3967,81.14,75,100,5.3
572,Bulawayo,ZW,2021-04-17 01:09:48,-20.15,28.5833,57.52,86,100,16.44
573,Xuddur,SO,2021-04-17 01:09:48,4.1213,43.8894,73.94,83,12,11.54
574,Piterka,RU,2021-04-17 01:09:48,50.6803,47.4454,53.82,58,14,6.71
575,Takoradi,GH,2021-04-17 01:07:21,4.8845,-1.7554,78.51,86,61,5.21
576,Livingston,GB,2021-04-17 01:07:09,55.9029,-3.5226,39.0,93,0,3.11
